Market Store Name,Carrier - Service Selected,Market - Store Name,Order - Number,Ship To - Country,Ship To - Postal Code,Shipment - Weight (Oz),Shipment - Zone,Sum - Total of Line Item Quantity,Shipping Paid,Tracking Number,Length,Width,Height,Insurance,Dim Weight Applied,Dim Weight,Billable Weight oz,Rounded Oz,Shipping Rate,Peak Surcharges,Date - Shipped Date
Halftee,DHL SM Parcel Expedited,Halftee,HT189525,US,22015-3764,16,7,4,1.98,420220159361211015300881377752,9,11,1,,Yes,10,16,16,10.01,0,2025-09-30
Halftee,DHL SM Parcel Expedited,Halftee,HT189490,US,22032-3425,13.7,7,5,1.98,420220329361211015300882479431,9,11,1,,Yes,10,14,14,7.45,0,2025-10-02
Halftee,DHL SM Parcel Expedited,Halftee,HT189506,US,22153-3519,7.9,7,3,1.98,420221539361211015300881352599,9,11,1,,Yes,10,10,8,5.84,0,2025-09-30
Halftee,DHL SM Parcel Expedited,Halftee,HT189596,US,22727-4345,6.1,7,2,4.99,420227279361211015300882527866,9,11,1,,Yes,10,10,7,5.84,0,2025-10-02
Halftee,DHL SM Parcel Expedited,Halftee,HT189529,US,23693-2963,14.7,8,3,1.98,420236939361211015300881362352,9,11,1,,Yes,10,15,15,7.65,0,2025-09-30
Halftee,DHL SM Parcel Expedited,Halftee,HT189657,US,25422-3170,11.6,7,3,1.98,420254229361211015300883052008,9,11,1,,Yes,10,12,12,5.84,0,2025-10-03
Halftee,DHL SM Parcel Expedited,Halftee,HT189508,US,32356-0292,10.7,7,3,1.98,420323569361211015300881392946,9,11,1,,Yes,10,11,11,5.84,0,2025-09-30
Halftee,DHL SM Parcel Expedited,Halftee,HT189655,US,32828-6602,14.1,8,5,1.98,420328289361211015300883115529,9,11,1,,Yes,10,15,15,7.65,0,2025-10-03
Halftee,DHL SM Parcel Expedited,Halftee,HT189457,US,32824-7417,3.8,8,2,6.97,420328249361211015300880669216,9,11,1,,Yes,10,10,4,6.02,0,2025-09-29
Halftee,DHL SM Parcel Expedited,Halftee,HT189528,US,32935-4759,10.6,8,2,6.97,420329359361211015300881367906,9,11,1,,Yes,10,11,11,6.02,0,2025-09-30
Halftee,DHL SM Parcel Expedited,Halftee,HT187024-EXC,US,16066-3364,5,7,1,0,420160669361211015300881372689,9,11,1,,Yes,10,10,5,5.84,0,2025-09-30
Halftee,DHL SM Parcel Expedited,Halftee,HT189515,US,19958-4891,12.2,8,1,4.99,420199589361211015300880684066,9,11,1,,Yes,10,13,13,7.65,0,2025-09-29
Halftee,DHL SM Parcel Expedited,Halftee,HT189521,US,20164-5307,7,7,2,6.97,420201649361211015300881362345,9,11,1,,Yes,10,10,7,5.84,0,2025-09-30
Halftee,DHL SM Parcel Expedited,Halftee,HT189437,US,11701-2325,4.8,8,1,6.97,420117019361211015300881367975,8,6,1,,Yes,5,5,5,5.01,0,2025-09-30
Halftee,DHL SM Parcel Expedited,Halftee,HT189324,US,11735-4507,17.7,8,4,1.98,420117359361211015300880684035,14,12,1,,Yes,32,32,32,13.83,0,2025-09-29
Halftee,DHL SM Parcel Expedited,Halftee,114-1177927-9446622,US,14580-2475,2.6,7,1,0,420145809361211015300880693143,9,11,1,,Yes,10,10,3,5.84,0,2025-09-29
Halftee,DHL SM Parcel Expedited,Halftee,HT189604,US,01740-2006,10.3,8,4,0,420017409361211015300883085938,9,11,1,,Yes,10,11,11,6.02,0,2025-10-03
Halftee,DHL SM Parcel Expedited,Halftee,HT189538,US,35768-5038,3,6,1,6.97,420357689361211015300880693174,9,11,1,,Yes,10,10,3,5.69,0,2025-09-29
Halftee,DHL SM Parcel Expedited,Halftee,HT189518,US,35756-3127,5.9,6,2,4.99,420357569361211015300881387508,9,11,1,,Yes,10,10,6,5.69,0,2025-09-30
Halftee,DHL SM Parcel Expedited,Halftee,HT189615,US,37080-8681,6.8,6,2,6.97,420370809361211015300882527880,9,11,1,,Yes,10,10,7,5.69,0,2025-10-02
Halftee,DHL SM Parcel Expedited,Halftee,HT189668,US,37128-1107,2.9,6,1,6.97,420371289361211015300883085990,9,11,1,,Yes,10,10,3,5.69,0,2025-10-03
Halftee,DHL SM Parcel Expedited,Halftee,HT189441,US,37129-8665,15.5,6,3,1.98,420371299361211015300881392977,9,11,1,,Yes,10,16,16,9.6,0,2025-09-30
Halftee,DHL SM Parcel Expedited,Halftee,HT189434,US,37167-6401,9.3,6,3,1.98,420371679361211015300882494069,9,11,1,,Yes,10,10,10,5.69,0,2025-10-02
Halftee,DHL SM Parcel Expedited,Halftee,HT189659,US,37601-5100,3.4,7,1,6.97,420376019361211015300883085983,9,11,1,,Yes,10,10,4,5.84,0,2025-10-03
Halftee,DHL SM Parcel Expedited,Halftee,HT189584,US,37801-0940,2.8,7,1,6.97,420378019361211015300882527705,9,11,1,,Yes,10,10,3,5.84,0,2025-10-02
Halftee,DHL SM Parcel Expedited,Halftee,HT189425,US,37922-5893,11.1,7,3,1.98,420379229361211015300882532822,9,11,1,,Yes,10,12,12,5.84,0,2025-10-02
Halftee,USPS Ground Advantage,Halftee,HT189667,US,39565-9666,36.1,6,3,1.98,9434611206217815881380,14,12,1,0,No,32,48,48,15.05,0,2025-10-03
Halftee,DHL SM Parcel Expedited,Halftee,HT189496,US,40241-6433,19.2,6,4,1.98,420402419361211015300881392960,9,11,1,,Yes,10,32,32,12.12,0,2025-09-30
Halftee,UPSÂ® Ground,Halftee,HT189489,US,54915-2847,33,6,7,1.98,1ZH594030303613050,10,13,1,0,Yes,13,48,48,15.05,0,2025-10-02
Halftee,DHL SM Parcel Expedited,Halftee,HT189527,US,33029-5142,4.6,8,1,6.97,420330299361211015300880678799,9,11,1,,Yes,10,10,5,6.02,0,2025-09-29
Halftee,DHL SM Parcel Expedited,Halftee,HT189539,US,33498-4736,11,8,3,1.98,420334989361211015300881392922,9,11,1,,Yes,10,11,11,6.02,0,2025-09-30
Halftee,DHL SM Parcel Expedited,Halftee,HT189503,US,33415-4551,28.6,8,3,6.97,420334159361211015300882523370,10,13,1,,Yes,13,32,32,13.83,0,2025-10-02
Halftee,DHL SM Parcel Expedited,Halftee,HT189600,US,34232-2760,12.6,8,3,6.97,420342329361211015300882464147,9,11,1,,Yes,10,13,13,7.65,0,2025-10-02
Halftee,DHL SM Parcel Expedited,Halftee,HT189426,US,28759-9552,8.8,7,2,6.97,420287599361211015300882537667,9,11,1,,Yes,10,10,9,5.84,0,2025-10-02
Halftee,DHL SM Parcel Expedited,Halftee,HT189458,US,28806-3005,16.4,7,3,0,420288069361211015300880684073,14,12,1,,Yes,32,32,32,12.7,0,2025-09-29
Halftee,DHL SM Parcel Expedited,Halftee,HT189583,US,29388-8410,8.1,7,3,1.98,420293889361211015300882513500,8,6,1,,Yes,5,9,9,5.84,0,2025-10-02
Halftee,DHL SM Parcel Expedited,Halftee,114-4280891-1295425,US,29445-7152,3,7,1,0,420294459361211015300880688804,8,6,1,,Yes,5,5,3,4.87,0,2025-09-29
Halftee,DHL SM Parcel Expedited,Halftee,HT189630,US,30016-7106,4.1,7,1,4.99,420300169361211015300882464284,9,11,1,,Yes,10,10,5,5.84,0,2025-10-02
Halftee,DHL SM Parcel Expedited,Halftee,HT188894-EXC,US,32003-4015,3.7,7,1,0,420320039361211015300882527781,9,11,1,,Yes,10,10,4,5.84,0,2025-10-02
Halftee,DHL SM Parcel Expedited,Halftee,HT189446,US,43311-2610,11.6,7,3,6.97,420433119361211015300882532914,9,11,1,,Yes,10,12,12,5.84,0,2025-10-02
Halftee,DHL SM Parcel Expedited,Halftee,112-7627626-8832244,US,27596-7148,3,7,1,0,420275969361211015300883085969,9,11,1,,Yes,10,10,3,5.84,0,2025-10-03
Halftee,DHL SM Parcel Expedited,Halftee,HT189618,US,27534-0001,9.9,7,3,1.98,420275349361211015300882527828,9,11,1,,Yes,10,10,10,5.84,0,2025-10-02
Halftee,DHL SM Parcel Expedited,Halftee,HT189632,US,27587-5315,3.1,7,1,6.97,420275879361211015300882488662,9,11,1,,Yes,10,10,4,5.84,0,2025-10-02
Halftee,DHL SM Parcel Expedited,Halftee,HT189523,US,76015-3509,6.3,5,1,6.97,420760159361211015300880693204,9,11,1,,Yes,10,10,7,5.51,0,2025-09-29
Halftee,DHL SM Parcel Expedited,Halftee,113-7709741-3631443,US,77098-1708,3,6,1,0,420770989361211015300883026948,9,11,1,,Yes,10,10,3,5.69,0,2025-10-03
Halftee,DHL SM Parcel Expedited,Halftee,HT189613,US,77071-2332,2.7,6,1,4.99,420770719361211015300882464253,8,6,1,,Yes,5,5,3,4.79,0,2025-10-02
Halftee,DHL SM Parcel Expedited,Halftee,HT189598,US,77469-1698,5.1,6,1,6.97,420774699361211015300882488709,9,11,1,,Yes,10,10,6,5.69,0,2025-10-02
Halftee,DHL SM Parcel Expedited,Halftee,HT189531,US,77631-0069,10.3,6,1,6.97,420776319361211015300880693150,9,11,1,,Yes,10,11,11,5.69,0,2025-09-29
Halftee,DHL SM Parcel Expedited,Halftee,HT189580,US,60068-1650,3.8,6,1,4.99,420600689361211015300881393356,8,6,1,,Yes,5,5,4,4.79,0,2025-09-30
Halftee,DHL SM Parcel Expedited,Halftee,114-9633518-1331420,US,60137-6216,7.8,6,1,0,420601379361211015300882532976,9,11,1,,Yes,10,10,8,5.69,0,2025-10-02
Halftee,DHL SM Parcel Expedited,Halftee,HT189673,US,70605-4048,2.9,6,1,6.97,420706059361211015300883026962,9,11,1,,Yes,10,10,3,5.69,0,2025-10-03
Halftee,DHL SM Parcel Expedited,Halftee,HT189526,US,71047-7675,9.7,6,4,1.98,420710479361211015300881352629,9,11,1,,Yes,10,10,10,5.69,0,2025-09-30
Halftee,DHL SM Parcel Expedited,Halftee,HT189641,US,71301-3427,10.8,6,2,6.97,420713019361211015300882479509,9,11,1,,Yes,10,11,11,5.69,0,2025-10-02
Halftee,DHL SM Parcel Expedited,Halftee,HT189579,US,72454-7539,4.9,6,2,6.97,420724549361211015300882483810,9,11,1,,Yes,10,10,5,5.69,0,2025-10-02
Halftee,DHL SM Parcel Expedited,Halftee,HT189377,US,72714-2544,9.3,5,4,1.98,420727149361211015300882464338,9,11,1,,Yes,10,10,10,5.51,0,2025-10-02
Halftee,DHL SM Parcel Expedited,Halftee,HT189431,US,73064-9783,9.5,5,3,6.97,420730649361211015300882523349,9,11,1,,Yes,10,10,10,5.51,0,2025-10-02
Halftee,DHL SM Parcel Expedited,Halftee,HT189576,US,73154-1797,3.8,5,1,4.99,420731549361211015300881368262,8,6,1,,Yes,5,5,4,4.74,0,2025-09-30
Halftee,DHL SM Parcel Expedited,Halftee,HT189505,US,73160-9101,10.8,5,2,6.97,420731609361211015300881387522,9,11,1,,Yes,10,11,11,5.51,0,2025-09-30
Halftee,DHL SM Parcel Expedited,Halftee,HT189588,US,75117-0273,7.4,5,3,0,420751179361211015300883115451,9,11,1,,Yes,10,10,8,5.51,0,2025-10-03
Halftee,DHL SM Parcel Expedited,Halftee,114-9368675-6712253,US,75703-5795,3.5,6,1,0,420757039361211015300882484114,9,11,1,,Yes,10,10,4,5.69,0,2025-10-02
Halftee,DHL SM Parcel Expedited,Halftee,HT189509,US,76018-1737,19.9,5,4,1.98,420760189361211015300881377783,9,11,1,,Yes,10,32,32,10.07,0,2025-09-30
Halftee,DHL SM Parcel Expedited,Halftee,HT189569,US,46176-8935,5.5,6,2,6.97,420461769361211015300882464208,9,11,1,,Yes,10,10,6,5.69,0,2025-10-02
Halftee,DHL SM Parcel Expedited,Halftee,HT189565,US,46544-2414,4,6,1,6.97,420465449361211015300882488631,9,11,1,,Yes,10,10,4,5.69,0,2025-10-02
Halftee,UPSÂ® Ground,Halftee,HT189499,US,47112-6974,32.4,6,6,1.98,1ZH594030327716618,10,13,1,0,Yes,13,48,48,15.05,0,2025-09-30
Halftee,DHL SM Parcel Expedited,Halftee,HT189427,US,48186-4021,19.2,7,4,1.98,420481869361211015300882483872,9,11,1,,Yes,10,32,32,12.7,0,2025-10-02
Halftee,DHL SM Parcel Expedited,Halftee,HT189621,US,48708-5530,5.1,6,1,6.97,420487089361211015300882513531,9,11,1,,Yes,10,10,6,5.69,0,2025-10-02
Halftee,DHL SM Parcel Expedited,Halftee,HT189662,US,48815-9609,3.5,6,1,6.97,420488159361211015300883091076,9,11,1,,Yes,10,10,4,5.69,0,2025-10-03
Halftee,DHL SM Parcel Expedited,Halftee,HT189504,US,49043-8501,7.5,6,2,6.97,420490439361211015300881352582,9,11,1,,Yes,10,10,8,5.69,0,2025-09-30
Halftee,DHL SM Parcel Expedited,Halftee,HT189567,US,49014-9592,15,6,6,1.98,420490149361211015300883051940,9,11,1,,Yes,10,15,15,7.27,0,2025-10-03
Halftee,DHL SM Parcel Expedited,Halftee,114-5312971-3971400,US,53597-2376,2.9,6,1,0,420535979361211015300883091083,9,11,1,,Yes,10,10,3,5.69,0,2025-10-03
Halftee,DHL SM Parcel Expedited,Halftee,HT189647,US,54403-4315,14.9,6,5,1.98,420544039361211015300883091106,9,11,1,,Yes,10,15,15,7.27,0,2025-10-03
Halftee,DHL SM Parcel Expedited,Halftee,HT189421,US,61107-2679,11.7,6,5,1.98,420611079361211015300882464239,9,11,1,,Yes,10,12,12,5.69,0,2025-10-02
Halftee,DHL SM Parcel Expedited,Halftee,HT189447,US,61565-9790,4.7,6,2,6.97,420615659361211015300882537698,8,6,1,,Yes,5,5,5,4.79,0,2025-10-02
Halftee,DHL SM Parcel Expedited,Halftee,HT189609,US,65710-9184,2.8,6,1,6.97,420657109361211015300882527729,9,11,1,,Yes,10,10,3,5.69,0,2025-10-02
Halftee,DHL SM Parcel Expedited,Halftee,HT189614,US,66049-3559,9.3,5,3,1.98,420660499361211015300882494113,9,11,1,,Yes,10,10,10,5.51,0,2025-10-02
Halftee,DHL SM Parcel Expedited,Halftee,HT189671,US,67010-1959,3,5,1,4.99,420670109361211015300883066234,9,11,1,,Yes,10,10,3,5.51,0,2025-10-03
Halftee,DHL SM Parcel Expedited,Halftee,HT189520,US,67037-2111,7,5,2,6.97,420670379361211015300881357648,9,11,1,,Yes,10,10,7,5.51,0,2025-09-30
Halftee,DHL SM Parcel Expedited,Halftee,HT189532,US,78245-1391,7,6,3,1.98,420782459361211015300881367944,9,11,1,,Yes,10,10,7,5.69,0,2025-09-30
Halftee,DHL SM Parcel Expedited,Halftee,HT189626,US,85210-7610,4.6,4,2,6.97,420852109361211015300882527736,9,11,1,,Yes,10,10,5,5.43,0,2025-10-02
Halftee,DHL SM Parcel Expedited,Halftee,HT189524,US,85234-2679,11.4,4,2,6.97,420852349361211015300882488617,9,11,1,,Yes,10,12,12,5.43,0,2025-10-02
Halftee,DHL SM Parcel Expedited,Halftee,HT189452,US,85233-7570,27.2,4,5,1.98,420852339361211015300880684097,14,12,1,,Yes,32,32,32,9.48,0,2025-09-29
Halftee,DHL SM Parcel Expedited,Halftee,HT189574,US,85202-3858,4.9,4,1,6.97,420852029361211015300882464109,9,11,1,,Yes,10,10,5,5.43,0,2025-10-02
Halftee,DHL SM Parcel Expedited,Halftee,HT189586,US,85209-4952,8.3,4,3,1.98,420852099361211015300882479394,9,11,1,,Yes,10,10,9,5.43,0,2025-10-02
Halftee,DHL SM Parcel Expedited,Halftee,HT189644,US,85629-6724,14.4,5,3,0,420856299361211015300883085891,9,11,1,,Yes,10,15,15,7.02,0,2025-10-03
Halftee,DHL SM Parcel Expedited,Halftee,HT189637,US,85742-8274,3.4,4,1,0,420857429361211015300882523394,9,11,1,,Yes,10,10,4,5.43,0,2025-10-02
Halftee,DHL SM Parcel Expedited,Halftee,HT189554,US,85937-0421,3.1,4,1,6.97,420859379361211015300881357662,9,11,1,,Yes,10,10,4,5.43,0,2025-09-30
Halftee,DHL SM Parcel Expedited,Halftee,HT189511,US,84009-9750,4.4,1,1,6.97,420840099361211015300880684080,9,11,1,,Yes,10,10,5,5.22,0,2025-09-29
Halftee,DHL SM Parcel Expedited,Halftee,HT189530,US,84081-4711,7.3,1,1,4.99,420840819361211015300880693181,9,11,1,,Yes,10,10,8,5.22,0,2025-09-29
Halftee,UPSÂ® Ground,Halftee,HT189404,US,84020-4710,47.2,1,9,1.98,1ZH594030320899934,14,12,1,0,Yes,32,48,48,9.22,0,2025-09-29
Halftee,DHL SM Parcel Expedited,Halftee,HT189585,US,84096-6446,5,1,1,6.97,420840969361211015300882532792,9,11,1,,Yes,10,10,5,5.22,0,2025-10-02
Halftee,DHL SM Parcel Expedited,Halftee,HT189619,US,84005-5686,12.2,1,2,6.97,420840059361211015300882494038,9,11,1,,Yes,10,13,13,6.6,0,2025-10-02
Halftee,DHL SM Parcel Expedited,Halftee,HT189572,US,84075-7131,9.7,1,3,1.98,420840759361211015300882484022,9,11,1,,Yes,10,10,10,5.22,0,2025-10-02
Halftee,DHL SM Parcel Expedited,Halftee,HT189652,US,84074-5403,8.6,1,2,6.97,420840749361211015300882488600,9,11,1,,Yes,10,10,9,5.22,0,2025-10-02
Halftee,DHL SM Parcel Expedited,Halftee,HT189595,US,84043-5925,13.8,1,5,0,420840439361211015300883066241,9,11,1,,Yes,10,14,14,6.6,0,2025-10-03
Halftee,DHL SM Parcel Expedited,Halftee,HT189568,US,84047-5520,5,1,1,6.97,420840479361211015300882537582,9,11,1,,Yes,10,10,5,5.22,0,2025-10-02
Halftee,DHL SM Parcel Expedited,Halftee,HT189433,US,84096-2549,14.7,1,2,6.97,420840969361211015300882479370,9,11,1,,Yes,10,15,15,6.6,0,2025-10-02
Halftee,DHL SM Parcel Expedited,Halftee,HT187241-EXC,US,84076-9704,3.7,1,1,0,420840769361211015300881352612,9,11,1,,Yes,10,10,4,5.22,0,2025-09-30
Halftee,DHL SM Parcel Expedited,Halftee,HT189507,US,84041-7531,11.4,1,4,1.98,420840419361211015300881397743,9,11,1,,Yes,10,12,12,5.22,0,2025-09-30
Halftee,DHL SM Parcel Expedited,Halftee,HT189653,US,84025-4004,19.9,1,12,1.98,420840259361211015300883052039,10,13,1,,Yes,13,32,32,8.91,0,2025-10-03
Halftee,DHL SM Parcel Expedited,Halftee,106104,US,84120,19.4,2,0,0,420841209361211015300883085914,10,13,1,,Yes,13,32,32,9.01,0,2025-10-03
Halftee,DHL SM Parcel Expedited,Halftee,HT189449,US,84117-6211,6.8,2,2,6.97,420841179361211015300880644596,9,11,1,,Yes,10,10,7,5.29,0,2025-09-29
Halftee,DHL SM Parcel Expedited,Halftee,HT189510,US,78754-5904,9.6,6,3,6.97,420787549361211015300881372627,9,11,1,,Yes,10,10,10,5.69,0,2025-09-30
Halftee,DHL SM Parcel Expedited,Halftee,HT189535,US,80237-1249,8.5,3,3,1.98,420802379361211015300881372597,9,11,1,,Yes,10,10,9,5.35,0,2025-09-30
Halftee,USPS Ground Advantage,Halftee,HT189345,US,80528-8818,36.6,3,15,1.98,9434650105501055554656,14,12,1,0,No,32,48,48,9.9,0,2025-09-29
Halftee,UPS 2nd Day AirÂ®,Halftee,HT189677,US,81505-9638,20.2,2,4,21.97,1ZH594030228591084,9,11,1,0,Yes,10,32,32,19.77,0,2025-10-03
Halftee,DHL SM Parcel Expedited,Halftee,HT189590,US,83201-7011,4.1,4,1,6.97,420832019361211015300882523264,9,11,1,,Yes,10,10,5,5.43,0,2025-10-02
Halftee,DHL SM Parcel Expedited,Halftee,HT189675,US,83402-1293,9.9,3,3,1.98,420834029361211015300883120059,9,11,1,,Yes,10,10,10,5.35,0,2025-10-03
Halftee,DHL SM Parcel Expedited,Halftee,HT189645,US,83440-1889,32,3,7,1.98,420834409361211015300883066265,9,11,1,,Yes,10,32,32,9.16,0,2025-10-03
Halftee,DHL SM Parcel Expedited,Halftee,HT189633,US,83406-8280,2.8,3,1,6.97,420834069361211015300882523271,9,11,1,,Yes,10,10,3,5.35,0,2025-10-02
Halftee,DHL SM Parcel Expedited,Halftee,HT189639,US,83624-0103,24,4,5,1.98,420836249361211015300883066258,9,11,1,,Yes,10,32,32,9.48,0,2025-10-03
Halftee,DHL SM Parcel Expedited,Halftee,HT189594,US,83651-5223,7.9,4,2,6.97,420836519361211015300882527750,9,11,1,,Yes,10,10,8,5.43,0,2025-10-02
Halftee,DHL SM Parcel Expedited,Halftee,HT189516,US,83814-0041,9.3,4,2,6.97,420838149361211015300881382725,9,11,1,,Yes,10,10,10,5.43,0,2025-09-30
Halftee,DHL SM Parcel Expedited,Halftee,HT189501,US,30909-9615,76,7,7,1.98,420309099361211015300881382701,12,12,6,,Yes,96,96,80,27.09,0,2025-09-30
Halftee,DHL SM Parcel Expedited,Halftee,HT189591,US,38017-8958,13.8,6,3,6.97,420380179361211015300883051971,9,11,1,,Yes,10,14,14,7.27,0,2025-10-03
Halftee,DHL SM Parcel Expedited,Halftee,HT189423,US,39702-9416,12.6,6,3,1.98,420397029361211015300882537681,9,11,1,,Yes,10,13,13,7.27,0,2025-10-02
Halftee,DHL SM Parcel Expedited,Halftee,HT189578,US,40175-6185,3.2,6,1,6.97,420401759361211015300882537803,9,11,1,,Yes,10,10,4,5.69,0,2025-10-02
Halftee,DHL SM Parcel Expedited,Halftee,HT189616,US,40701-4169,10,7,2,6.97,420407019361211015300883007084,9,11,1,,Yes,10,10,10,5.84,0,2025-10-03
Halftee,DHL SM Parcel Expedited,Halftee,HT189487,US,41094-9402,5.2,7,1,6.97,420410949361211015300880718440,9,11,1,,Yes,10,10,6,5.84,0,2025-09-29
Halftee,DHL SM Parcel Expedited,Halftee,112-1933547-9864213,US,43229-2143,4.3,7,1,0,420432299361211015300882523431,9,11,1,,Yes,10,10,5,5.84,0,2025-10-02
Halftee,DHL SM Parcel Expedited,Halftee,HT189537,US,44240-6609,14,7,2,1.98,420442409361211015300880669247,8,6,1,,Yes,5,14,14,7.45,0,2025-09-29
Halftee,DHL SM Parcel Expedited,Halftee,HT189439,US,56438-4901,11.7,5,4,1.98,420564389361211015300881387591,8,6,1,,Yes,5,12,12,5.51,0,2025-09-30
Halftee,DHL SM Parcel Expedited,Halftee,HT189558,US,58401-5548,4.2,5,1,6.97,420584019361211015300882513388,9,11,1,,Yes,10,10,5,5.51,0,2025-10-02
Halftee,UPSÂ® Ground,Halftee,HT189443,US,59602-8409,39,4,7,1.98,1ZH594030334366626,10,13,1,0,Yes,13,48,48,10.24,0,2025-09-30
Halftee,DHL SM Parcel Expedited,Halftee,HT188791-EXC,US,66609-9424,21.2,5,5,0,420666099361211015300882523448,9,11,1,,Yes,10,32,32,10.07,0,2025-10-02
Halftee,DHL SM Parcel Expedited,Halftee,113-3234099-1757009,US,66725-1738,4.4,5,1,0,420667259361211015300882090292,9,11,1,,Yes,10,10,5,5.51,0,2025-10-01
Halftee,DHL SM Parcel Expedited,Halftee,HT189650,US,67752-6101,3.8,4,1,6.97,420677529361211015300882537599,9,11,1,,Yes,10,10,4,5.43,0,2025-10-02
Halftee,DHL SM Parcel Expedited,Halftee,HT189631,US,70094-5435,19.5,6,1,6.97,420700949361211015300883051933,10,13,1,,Yes,13,32,32,12.12,0,2025-10-03
Halftee,DHL SM Parcel Expedited,Halftee,HT189564,US,23454-3146,4.3,8,1,6.97,420234549361211015300881377806,8,6,1,,Yes,5,5,5,5.01,0,2025-09-30
Halftee,DHL SM Parcel Expedited,Halftee,HT189536,US,24060-8601,2.3,7,1,6.97,420240609361211015300882488679,9,11,1,,Yes,10,10,3,5.84,0,2025-10-02
Halftee,DHL SM Parcel Expedited,Halftee,HT189519,US,25404-5699,20,7,4,1.98,420254049361211015300881377707,9,11,1,,Yes,10,32,32,12.7,0,2025-09-30
Halftee,DHL SM Parcel Expedited,Halftee,HT189500,US,28601-7067,18.3,7,1,6.97,420286019361211015300880669278,10,13,1,,Yes,13,32,32,12.7,0,2025-09-29
Halftee,DHL SM Parcel Expedited,Halftee,114-6931765-1003416,US,29910-7832,2.9,7,1,0,420299109361211015300880718457,9,11,1,,Yes,10,10,3,5.84,0,2025-09-29
Halftee,DHL SM Parcel Expedited,Halftee,HT188535-EXC,US,84405-4891,2.9,2,1,0,420844059361211015300881362307,9,11,1,,Yes,10,10,3,5.29,0,2025-09-30
Halftee,DHL SM Parcel Expedited,Halftee,HT189599,US,84660-5737,4.7,2,2,6.99,420846609361211015300882464260,9,11,1,,Yes,10,10,5,5.29,0,2025-10-02
Halftee,DHL SM Parcel Expedited,Halftee,HT189611,US,84653-9445,5.4,2,1,0,420846539361211015300882493994,9,11,1,,Yes,10,10,6,5.29,0,2025-10-02
Halftee,DHL SM Parcel Expedited,Halftee,HT189541,US,84604-3732,1.8,2,1,6.97,420846049361211015300880674135,9,11,1,,Yes,10,10,2,5.29,0,2025-09-29
Halftee,DHL SM Parcel Expedited,Halftee,HT189288-EXC,US,44883-1710,2.6,7,1,0,420448839361211015300882479462,9,11,1,,Yes,10,10,3,5.84,0,2025-10-02
Halftee,UPSÂ® Ground,Halftee,106102,US,46845-1862,168.9,6,0,0,1ZH594030318181178,16,11,12,0,Yes,208,208,176,38.23,0,2025-10-01
Halftee,DHL SM Parcel Expedited,Halftee,HT189651,US,47250-3638,4.8,6,1,6.97,420472509361211015300883052015,9,11,1,,Yes,10,10,5,5.69,0,2025-10-03
Halftee,DHL SM Parcel Expedited,Halftee,HT189126,US,47805-9741,5.9,6,2,6.97,420478059361211015300880678775,9,11,1,,Yes,10,10,6,5.69,0,2025-09-29
Halftee,DHL SM Parcel Expedited,Halftee,106107,US,48726-9200,16.3,6,0,0,420487269361211015300883085921,9,11,1,,Yes,10,32,32,12.12,0,2025-10-03
Halftee,DHL SM Parcel Expedited,Halftee,HT189634,US,51503-5371,10.2,5,2,4.99,420515039361211015300882483988,9,11,1,,Yes,10,11,11,5.51,0,2025-10-02
Halftee,DHL SM Parcel Expedited,Halftee,HT189517,US,52001-8437,11,6,2,6.97,420520019361211015300881367869,9,11,1,,Yes,10,11,11,5.69,0,2025-09-30
Halftee,DHL SM Parcel Expedited,Halftee,HT189636,US,08753-5542,3.7,8,1,0,420087539361211015300882488792,9,11,1,,Yes,10,10,4,6.02,0,2025-10-02
Halftee,DHL SM Parcel Expedited,Halftee,HT189646,US,11040-2114,14.5,8,4,1.98,420110409361211015300883115550,9,11,1,,Yes,10,15,15,7.65,0,2025-10-03
Halftee,DHL SM Parcel Expedited,Halftee,HT189670,US,11692-1282,2.9,8,1,6.97,420116929361211015300883007138,9,11,1,,Yes,10,10,3,6.02,0,2025-10-03
Halftee,DHL SM Parcel Expedited,Halftee,HT189428,US,12122-5104,15.5,8,4,1.98,420121229361211015300882494083,9,11,1,,Yes,10,16,16,10.58,0,2025-10-02
Halftee,DHL SM Parcel Expedited,Halftee,HT189638,US,14530-1627,3.7,7,1,6.97,420145309361211015300882479295,9,11,1,,Yes,10,10,4,5.84,0,2025-10-02
Halftee,DHL SM Parcel Expedited,Halftee,HT189522,US,14622-1645,10.3,7,2,6.97,420146229361211015300881397750,9,11,1,,Yes,10,11,11,5.84,0,2025-09-30
Halftee,DHL SM Parcel Expedited,Halftee,HT189440,US,15681-8951,10.2,7,3,1.98,420156819361211015300882523318,9,11,1,,Yes,10,11,11,5.84,0,2025-10-02
Halftee,DHL SM Parcel Expedited,Halftee,HT189622,US,17601-1615,13.1,8,4,1.98,420176019361211015300882488716,9,11,1,,Yes,10,14,14,7.65,0,2025-10-02
Halftee,DHL SM Parcel Expedited,Halftee,HT188862-EXC,US,97239-2047,2.2,5,1,0,420972399361211015300881392953,9,11,1,,Yes,10,10,3,5.51,0,2025-09-30
Halftee,DHL SM Parcel Expedited,Halftee,HT189563,US,97267-5354,16.3,5,5,1.98,420972679361211015300883026832,9,11,1,,Yes,10,32,32,10.07,0,2025-10-03
Halftee,DHL SM Parcel Expedited,Halftee,HT189533,US,97527-5072,7.1,5,1,6.97,420975279361211015300880693198,9,11,1,,Yes,10,10,8,5.51,0,2025-09-29
Halftee,DHL SM Parcel Expedited,Halftee,HT189512,US,97601-2421,11.8,4,2,6.97,420976019361211015300882527798,9,11,1,,Yes,10,12,12,5.43,0,2025-10-02
Halftee,DHL SM Parcel Expedited,Halftee,HT189674,US,97720-9602,7.1,4,2,6.97,420977209361211015300883091052,9,11,1,,Yes,10,10,8,5.43,0,2025-10-03
Halftee,DHL SM Parcel Expedited,Halftee,113-7449430-5714643,US,98075-6084,5.7,5,1,0,420980759361211015300882532921,9,11,1,,Yes,10,10,6,5.51,0,2025-10-02
Halftee,DHL SM Parcel Expedited,Halftee,HT189597,US,98053-7953,9.7,5,3,0,420980539361211015300882494106,9,11,1,,Yes,10,10,10,5.51,0,2025-10-02
Halftee,DHL SM Parcel Expedited,Halftee,HT189513,US,73942-4748,12.8,4,3,1.98,420739429361211015300882479325,9,11,1,,Yes,10,13,13,6.85,0,2025-10-02
Halftee,DHL SM Parcel Expedited,Halftee,HT189488,US,76137-6324,9.3,5,2,1.98,420761379361211015300881367876,9,11,1,,Yes,10,10,10,5.51,0,2025-09-30
Halftee,DHL SM Parcel Expedited,Halftee,HT189540,US,76522-1057,4.7,5,1,6.97,420765229361211015300880703682,9,11,1,,Yes,10,10,5,5.51,0,2025-09-29
Halftee,DHL SM Parcel Expedited,Halftee,HT189581,US,76710-1522,3.1,5,1,4.99,420767109361211015300881352933,8,6,1,,Yes,5,5,4,4.74,0,2025-09-30
Halftee,DHL SM Parcel Expedited,Halftee,HT189593,US,92869-4535,10.7,5,4,1.98,420928699361211015300883085907,9,11,1,,Yes,10,11,11,5.51,0,2025-10-03
Halftee,DHL SM Parcel Expedited,Halftee,112-6394197-8828214,US,93291-5149,11.2,4,1,0,420932919361211015300881362383,8,6,1,,Yes,5,12,12,5.43,0,2025-09-30
Halftee,DHL SM Parcel Expedited,Halftee,HT189430,US,94306-3012,14.1,5,3,1.98,420943069361211015300882523325,9,11,1,,Yes,10,15,15,7.02,0,2025-10-02
Halftee,DHL SM Parcel Expedited,Halftee,HT188942-EXC,US,95066-4815,3.1,5,1,0,420950669361211015300881382695,9,11,1,,Yes,10,10,4,5.51,0,2025-09-30
Halftee,DHL SM Parcel Expedited,Halftee,HT189573,US,95695-4804,6.1,5,2,6.97,420956959361211015300882537551,9,11,1,,Yes,10,10,7,5.51,0,2025-10-02
Halftee,DHL SM Parcel Expedited,Halftee,HT189432,US,95631-0231,9.5,5,2,6.97,420956319361211015300882532846,9,11,1,,Yes,10,10,10,5.51,0,2025-10-02
Halftee,USPS Ground Advantage,Halftee,HT189642,US,96745-0658,3.4,8,1,6.97,9400150206217309885242,9,11,1,0,No,10,4,4,4.66,0,2025-10-03
Halftee,DHL SM Parcel Expedited,Halftee,HT189587,US,87114-1697,9,4,3,0,420871149361211015300883091069,9,11,1,,Yes,10,10,9,5.43,0,2025-10-03
Halftee,DHL SM Parcel Expedited,Halftee,HT189635,US,89145-4017,9.4,4,3,1.98,420891459361211015300882523400,9,11,1,,Yes,10,10,10,5.43,0,2025-10-02
Halftee,DHL SM Parcel Expedited,Halftee,HT189485,US,91301-2749,11.6,5,5,1.98,420913019361211015300881377714,9,11,1,,Yes,10,12,12,5.51,0,2025-09-30
Halftee,DHL SM Parcel Expedited,Halftee,106103,US,91945-2907,15.3,5,0,0,420919459361211015300883090994,9,11,1,,Yes,10,16,16,9.08,0,2025-10-03
Halftee,DHL SM Parcel Expedited,Halftee,HT189465,US,78374-2643,23.7,6,4,1.98,420783749361211015300880698261,9,11,1,,Yes,10,32,32,12.12,0,2025-09-29
Halftee,UPS 2nd Day AirÂ®,Halftee,HT189676,US,81505-9638,7,2,1,21.97,1ZH594030225029090,9,11,1,0,Yes,10,10,7,19.77,0,2025-10-03
Halftee,DHL SM Parcel Expedited,Halftee,HT189028-EXC,US,82935-4045,9.6,3,2,0,420829359361211015300882513463,9,11,1,,Yes,10,10,10,5.35,0,2025-10-02
Halftee,DHL SM Parcel Expedited,Halftee,HT189648,US,84648-0284,7.5,2,3,1.98,420846489361211015300883061420,9,11,1,,Yes,10,10,8,5.29,0,2025-10-03
Halftee,DHL SM Parcel Expedited,Halftee,HT189669,US,85937-5082,14.2,4,3,1.98,420859379361211015300883007152,9,11,1,,Yes,10,15,15,6.85,0,2025-10-03
Halftee,DHL SM Parcel Expedited,Halftee,HT189592,US,98837-9413,17.3,5,3,1.98,420988379361211015300882464291,9,11,1,,Yes,10,32,32,10.07,0,2025-10-02
Halftee,UPSÂ® Ground,Halftee,105284,US,99163-2949,87.4,5,0,0,1ZH594030321020639,18,14,10,0,Yes,256,256,96,32.38,0,2025-10-01
Halftee,DHL SM Parcel Expedited,Halftee,HT189514,US,99207-5913,19.4,5,4,1.98,420992079361211015300882483971,9,11,1,,Yes,10,32,32,10.07,0,2025-10-02
Halftee,DHL Parcel International Direct - DDU,Halftee,HT189640,AU,4615,7,,1,25,202510022137YHPNM0,9,11,1,,No,10,7,7,24.05,0,2025-10-02
Halftee,DHL SM Parcel Expedited,Halftee,HT189442,US,92882-4206,4.4,5,1,6.97,420928829361211015300881387607,8,6,1,,Yes,5,5,5,4.74,0,2025-09-30
Halftee,DHL SM Parcel Expedited,Halftee,HT189582,US,95207-3216,5.7,4,1,6.97,420952079361211015300882532853,9,11,1,,Yes,10,10,6,5.43,0,2025-10-02
Halftee,DHL SM Parcel Expedited,Halftee,112-5382224-5395424,US,95365-0538,4.2,4,1,0,420953659361211015300882479516,9,11,1,,Yes,10,10,5,5.43,0,2025-10-02
Halftee,DHL SM Parcel Expedited,Halftee,111-7156978-5765014,US,97504-9241,2.7,5,1,0,420975049361211015300880688767,9,11,1,,Yes,10,10,3,5.51,0,2025-09-29
Halftee,DHL SM Parcel Expedited,Halftee,HT189664,US,98122-4104,4.9,5,1,6.97,420981229361211015300883115468,9,11,1,,Yes,10,10,5,5.51,0,2025-10-03
Halftee,DHL SM Parcel Expedited,Halftee,HT189610,US,92126-3714,4.4,5,2,6.97,420921269361211015300883046946,9,11,1,,Yes,10,10,5,5.51,0,2025-10-03
Halftee,DHL SM Parcel Expedited,Halftee,HT189625,US,99336-9405,8.7,4,2,6.97,420993369361211015300882527712,9,11,1,,Yes,10,10,9,5.43,0,2025-10-02
Halftee,USPS Ground Advantage,Halftee,HT189628,US,99559-2310,4.4,8,2,6.97,9400150105501187696000,9,11,1,0,No,10,5,5,5.01,0,2025-10-02
Halftee,USPS Ground Advantage,Halftee,HT189542,US,99654-1001,12.8,8,5,0,9400150105501184320847,9,11,1,0,No,10,13,13,7.65,0,2025-09-30
Halftee,DHL SM Parcel Expedited,Halftee,HT189672,US,89523-4857,5.7,4,1,6.97,420895239361211015300883115499,9,11,1,,Yes,10,10,6,5.43,0,2025-10-03
Halftee,DHL SM Parcel Expedited,Halftee,HT189534,US,90746,7.5,5,1,6.97,420907469361211015300880669261,9,11,1,,Yes,10,10,8,5.51,0,2025-09-29
Halftee,UPSÂ® Ground,Halftee,HT189570,US,20164-6319,50.1,7,3,6.97,1ZH594030314763234,11,10,6,0,Yes,80,80,64,23.47,0,2025-10-06
Halftee,DHL SM Parcel Expedited,Halftee,HT189822,US,22405-3360,7.1,7,2,6.97,420224059361211015300886826583,10,13,1,,Yes,13,13,8,7.45,0,2025-10-09
Halftee,DHL SM Parcel Expedited,Halftee,HT189874,US,22844-2080,6,7,1,0,420228449361211015300887439300,10,13,1,,Yes,13,13,6,7.45,0,2025-10-10
Halftee,DHL SM Parcel Expedited,Halftee,HT189833,US,23236-2447,2.6,7,2,6.97,420232369361211015300886722656,10,13,1,,Yes,13,13,3,7.45,0,2025-10-09
Halftee,DHL SM Parcel Expedited,Halftee,HT189679,US,23221-2428,9.8,7,4,1.98,420232219361211015300884687346,10,13,1,,Yes,13,13,10,7.45,0,2025-10-06
Halftee,DHL SM Parcel Expedited,Halftee,HT189881,US,33029-5142,5,8,1,6.97,420330299361211015300887434893,10,13,1,,Yes,13,13,5,7.65,0,2025-10-10
Halftee,DHL SM Parcel Expedited,Halftee,HT189879,US,33029-5142,4.8,8,1,6.97,420330299361211015300887705177,10,13,1,,Yes,13,13,5,7.65,0,2025-10-10
Halftee,DHL SM Parcel Expedited,Halftee,HT189709,US,33952-4413,2.7,8,2,6.97,420339529361211015300886855781,10,13,1,,Yes,13,13,3,7.65,0,2025-10-09
Halftee,DHL SM Parcel Expedited,Halftee,HT189863,US,8223,14.3,8,2,6.97,420082239361211015300887434923,10,13,1,,Yes,13,15,15,7.65,0,2025-10-10
Halftee,UPSÂ® Ground,Halftee,HT189836,US,04092-3205,17,8,6,1.98,1ZH594030305542463,10,13,1,0,Yes,13,32,32,13.83,0,2025-10-09
Halftee,DHL SM Parcel Expedited,Halftee,HT189717,US,23693-2963,4.8,8,1,6.97,420236939361211015300884687261,10,13,1,,Yes,13,13,5,7.65,0,2025-10-06
Halftee,UPSÂ® Ground,Halftee,HT189736,US,25213-7733,23.9,7,7,1.98,1ZH594030313339445,10,13,1,0,Yes,13,32,32,12.7,0,2025-10-06
Halftee,UPSÂ® Ground,Halftee,HT189712,US,06010-5415,25.9,8,5,1.98,1ZH594030311217268,10,13,1,0,Yes,13,32,32,13.83,0,2025-10-06
Halftee,DHL SM Parcel Expedited,Halftee,111-8036843-4150659,US,06119-1209,3,8,1,0,420061199361211015300886831037,10,13,1,,Yes,13,13,3,7.65,0,2025-10-09
Halftee,DHL SM Parcel Expedited,Halftee,HT189853,US,02072-4146,15,8,2,6.97,420020729361211015300887685653,10,13,1,,Yes,13,15,15,7.65,0,2025-10-10
Halftee,DHL SM Parcel Expedited,Halftee,HT189854,US,55376-2220,15.7,5,4,1.98,420553769361211015300887439294,10,13,1,,Yes,13,16,16,9.08,0,2025-10-10
Halftee,DHL SM Parcel Expedited,Halftee,HT189719,US,55372-8893,15,5,5,6.97,420553729361211015300884825427,10,13,1,,Yes,13,15,15,7.02,0,2025-10-06
Halftee,USPS Ground Advantage,Halftee,HT189321,US,56425-9729,8,5,3,4.99,9400150206217313724629,10,13,1,0,No,13,8,8,4.74,0,2025-10-06
Halftee,DHL SM Parcel Expedited,Halftee,HT189665,US,60190-1120,10.1,6,3,1.98,420601909361211015300886875635,10,13,1,,Yes,13,13,11,7.27,0,2025-10-09
Halftee,DHL SM Parcel Expedited,Halftee,HT189878,US,35243-2819,4,6,1,6.97,420352439361211015300887581627,10,13,1,,Yes,13,13,4,7.27,0,2025-10-10
Halftee,DHL SM Parcel Expedited,Halftee,HT189731,US,36869-7711,25.4,7,9,1.98,420368699361211015300884682945,10,13,1,,Yes,13,32,32,12.7,0,2025-10-06
Halftee,DHL SM Parcel Expedited,Halftee,HT189871,US,37057-5501,3.8,6,2,6.97,420370579361211015300887581597,10,13,1,,Yes,13,13,4,7.27,0,2025-10-10
Halftee,DHL SM Parcel Expedited,Halftee,HT189608,US,37027-5713,0.3,6,2,6.97,420370279361211015300884604077,10,13,1,,Yes,13,13,1,7.27,0,2025-10-06
Halftee,DHL SM Parcel Expedited,Halftee,HT189868,US,48154-4475,5.1,7,2,6.97,420481549361211015300887503094,10,13,1,,Yes,13,13,6,7.45,0,2025-10-10
Halftee,DHL SM Parcel Expedited,Halftee,HT189737,US,49203-1578,3,6,1,6.97,420492039361211015300884820989,10,13,1,,Yes,13,13,3,7.27,0,2025-10-06
Halftee,DHL SM Parcel Expedited,Halftee,HT189750,US,50315-7407,0.8,5,1,6.97,420503159361211015300884604060,10,13,1,,Yes,13,13,1,7.02,0,2025-10-06
Halftee,DHL SM Parcel Expedited,Halftee,HT189704,US,53215-3935,5.8,6,1,6.97,420532159361211015300884815954,10,13,1,,Yes,13,13,6,7.27,0,2025-10-06
Halftee,DHL SM Parcel Expedited,Halftee,HT189875,US,28306-7596,12,7,1,0,420283069361211015300887581580,10,13,1,,Yes,13,13,12,7.45,0,2025-10-10
Halftee,DHL SM Parcel Expedited,Halftee,HT189840,US,32309-3331,11,7,4,0,420323099361211015300887581559,10,13,1,,Yes,13,13,11,7.45,0,2025-10-10
Halftee,UPSÂ® Ground,Halftee,HT189663,US,37122-2190,22.7,6,4,1.98,1ZH594030322879443,10,13,1,0,Yes,13,32,32,12.11,0,2025-10-06
Halftee,DHL SM Parcel Expedited,Halftee,HT189826,US,37664-4688,3.9,7,3,1.98,420376649361211015300886786764,10,13,1,,Yes,13,13,4,7.45,0,2025-10-09
Halftee,DHL SM Parcel Expedited,Halftee,HT189749,US,37716-5905,4.7,7,2,6.97,420377169361211015300884840024,10,13,1,,Yes,13,13,5,7.45,0,2025-10-06
Halftee,DHL SM Parcel Expedited,Halftee,112-1145589-1475421,US,38671-9798,4.1,6,1,0,420386719361211015300884564715,10,13,1,,Yes,13,13,5,7.27,0,2025-10-06
Halftee,DHL SM Parcel Expedited,Halftee,112-5210848-5966632,US,40241-5430,4,6,1,0,420402419361211015300887581641,10,13,1,,Yes,13,13,4,7.27,0,2025-10-10
Halftee,DHL SM Parcel Expedited,Halftee,HT189723,US,43119-9354,2.5,7,4,0,420431199361211015300884825519,10,13,1,,Yes,13,13,3,7.45,0,2025-10-06
Halftee,DHL SM Parcel Expedited,Halftee,HT189859,US,46143-7892,5,6,1,6.97,420461439361211015300887439263,10,13,1,,Yes,13,13,5,7.27,0,2025-10-10
Halftee,DHL SM Parcel Expedited,Halftee,HT189381-EXC,US,46235-6139,10.2,6,1,0,420462359361211015300884815978,10,13,1,,Yes,13,13,11,7.27,0,2025-10-06
Halftee,USPS Ground Advantage,Halftee,HT189566,US,47172-9099,6.5,6,2,6.97,9400150105501193060116,10,13,1,0,No,13,7,7,4.79,0,2025-10-06
Halftee,DHL SM Parcel Expedited,Halftee,HT189322-EXC,US,27540-8285,2.8,7,1,0,420275409361211015300884825526,10,13,1,,Yes,13,13,3,7.45,0,2025-10-06
Halftee,DHL SM Parcel Expedited,Halftee,HT189724,US,87109-4217,8.4,4,2,6.97,420871099361211015300886875611,10,13,1,,Yes,13,13,9,6.85,0,2025-10-09
Halftee,USPS Ground Advantage,Halftee,HT189820,US,87507-0196,1.7,4,1,6.97,9400150206217319159418,10,13,1,0,No,13,2,2,4.23,0,2025-10-09
Halftee,USPS Ground Advantage,Halftee,HT189688,US,91701-7705,4,4,1,6.97,9400150206217313750567,10,13,1,0,No,13,4,4,4.23,0,2025-10-06
Halftee,UPSÂ® Ground,Halftee,HT189690,US,76226-1307,26.6,5,5,1.98,1ZH594030334661459,10,13,1,0,Yes,13,32,32,10.07,0,2025-10-06
Halftee,DHL SM Parcel Expedited,Halftee,HT189821,US,77351-5990,4.2,6,1,6.97,420773519361211015300886826606,10,13,1,,Yes,13,13,5,7.27,0,2025-10-09
Halftee,UPSÂ® Ground,Halftee,95TDBX78EE,US,77373-8314,57.2,6,16,0,1ZH594030309516216,9,12,5,0,Yes,64,64,64,17.53,0,2025-10-06
Halftee,USPS Ground Advantage,Halftee,114-9974383-6797064,US,84315-9507,0.6,2,2,0,9400150105501193059783,10,13,1,0,No,13,1,1,4.11,0,2025-10-06
Halftee,USPS Ground Advantage,Halftee,HT189714,US,84321-5492,3.1,2,1,6.97,9400150105501193048558,10,13,1,0,No,13,4,4,4.11,0,2025-10-06
Halftee,UPSÂ® Ground,Halftee,HT189849,US,84606-4821,17.1,2,2,6.97,1ZH594030332433486,10,13,1,0,Yes,13,32,32,9.01,0,2025-10-10
Halftee,USPS Ground Advantage,Halftee,106109,US,84629-5603,90,2,0,0,9434650206217094846956,14,11,6,0,No,96,96,96,10.21,0,2025-10-06
Halftee,DHL SM Parcel Expedited,Halftee,HT189856,US,84656,7.2,2,2,6.97,420846569361211015300887581689,10,13,1,,Yes,13,13,8,6.7,0,2025-10-10
Halftee,USPS Ground Advantage,Halftee,HT189829,US,84737-3362,4.7,3,1,0,9400150105501198322875,10,13,1,0,No,13,5,5,4.62,0,2025-10-09
Halftee,DHL SM Parcel Expedited,Halftee,HT189831,US,84713,9.3,3,4,1.98,420847139361211015300886791416,10,13,1,,Yes,13,13,10,6.77,0,2025-10-09
Halftee,USPS Ground Advantage,Halftee,HT189686,US,84721-5897,7.9,3,1,6.97,9400150105501193046684,10,13,1,0,No,13,8,8,4.62,0,2025-10-06
Halftee,DHL SM Parcel Expedited,Halftee,HT189885,US,85213-5568,10.4,4,1,0,420852139361211015300887439232,10,13,1,,Yes,13,13,11,6.85,0,2025-10-10
Halftee,DHL SM Parcel Expedited,Halftee,113-3581440-8442637,US,85297-1145,4.8,4,1,0,420852979361211015300886766506,10,13,1,,Yes,13,13,5,6.85,0,2025-10-09
Halftee,DHL SM Parcel Expedited,Halftee,113-5780787-1361013,US,85379-1033,11,4,2,0,420853799361211015300884588926,10,13,1,,Yes,13,13,11,6.85,0,2025-10-06
Halftee,DHL SM Parcel Expedited,Halftee,HT189877,US,85650-6891,12,5,1,0,420856509361211015300887439249,10,13,1,,Yes,13,13,12,7.02,0,2025-10-10
Halftee,DHL SM Parcel Expedited,Halftee,HT189623,US,64048-9271,10.1,5,3,1.98,420640489361211015300884682860,10,13,1,,Yes,13,13,11,7.02,0,2025-10-06
Halftee,DHL SM Parcel Expedited,Halftee,HT189858,US,68135-2667,3.6,5,3,6.97,420681359361211015300887434916,10,13,1,,Yes,13,13,4,7.02,0,2025-10-10
Halftee,DHL SM Parcel Expedited,Halftee,HT189828,US,70452-4774,4.2,6,1,0,420704529361211015300886875604,10,13,1,,Yes,13,13,5,7.27,0,2025-10-09
Halftee,DHL SM Parcel Expedited,Halftee,HT189698,US,70546-3315,4.2,6,1,6.97,420705469361211015300884815787,10,13,1,,Yes,13,13,5,7.27,0,2025-10-06
Halftee,DHL SM Parcel Expedited,Halftee,HT189707,US,70785-5700,8.8,6,1,6.97,420707859361211015300884604213,10,13,1,,Yes,13,13,9,7.27,0,2025-10-06
Halftee,DHL SM Parcel Expedited,Halftee,HT189660,US,71860-8812,9.2,6,2,6.97,420718609361211015300884687117,10,13,1,,Yes,13,13,10,7.27,0,2025-10-06
Halftee,DHL SM Parcel Expedited,Halftee,HT189695,US,71901-8290,5.9,6,1,6.97,420719019361211015300884815916,10,13,1,,Yes,13,13,6,7.27,0,2025-10-06
Halftee,DHL SM Parcel Expedited,Halftee,HT189735,US,74074-2398,10.6,5,3,6.97,420740749361211015300886855798,10,13,1,,Yes,13,13,11,7.02,0,2025-10-09
Halftee,DHL SM Parcel Expedited,Halftee,HT189817,US,74337-6327,27,5,6,1.98,420743379361211015300886786788,10,13,1,,Yes,13,32,32,10.07,0,2025-10-09
Halftee,DHL SM Parcel Expedited,Halftee,HT189745,US,75083-1092,10.3,5,2,6.99,420750839361211015300884815688,7,7,6,,Yes,32,32,11,10.07,0,2025-10-06
Halftee,DHL SM Parcel Expedited,Halftee,HT189753,US,78671-2205,6.8,5,1,6.97,420786719361211015300884815817,10,13,1,,Yes,13,13,7,7.02,0,2025-10-06
Halftee,DHL SM Parcel Expedited,Halftee,HT189726,US,78746-6107,0.6,6,1,6.97,420787469361211015300884682952,10,13,1,,Yes,13,13,1,7.27,0,2025-10-06
Halftee,DHL SM Parcel Expedited Max,Halftee,HT189815,US,80516-8960,4.7,3,1,21.97,420805169361211015300886063544,9,11,1,,Yes,10,10,5,5.19,0,2025-10-08
Halftee,DHL SM Parcel Expedited,Halftee,HT189883,US,82009-4281,6,4,1,6.97,420820099361211015300887581658,10,13,1,,Yes,13,13,6,6.85,0,2025-10-10
Halftee,USPS Ground Advantage,Halftee,HT189691,US,82801-9670,3,4,1,6.97,9400150105501193055457,10,13,1,0,No,13,3,3,4.23,0,2025-10-06
Halftee,USPS Ground Advantage,Halftee,HT189818,US,83274-5063,2.4,4,3,1.98,9400150206217319157537,10,13,1,0,No,13,3,3,4.23,0,2025-10-09
Halftee,DHL SM Parcel Expedited,Halftee,HT189740,US,83651-5223,5.4,4,1,6.97,420836519361211015300884564777,10,13,1,,Yes,13,13,6,6.85,0,2025-10-06
Halftee,DHL SM Parcel Expedited,Halftee,HT189729,US,84057-3713,13.8,1,3,0,420840579361211015300884687339,10,13,1,,Yes,13,14,14,6.6,0,2025-10-06
Halftee,USPS Ground Advantage,Halftee,HT189725,US,84054-5032,3.9,1,1,6.97,9400150206217313750918,10,13,1,0,No,13,4,4,4.05,0,2025-10-06
Halftee,USPS Ground Advantage,Halftee,HT189838,US,84003-8900,6.9,1,3,1.98,9400150206217320814269,10,13,1,0,No,13,7,7,4.5,0,2025-10-10
Halftee,USPS Ground Advantage,Halftee,HT189884,US,84037-4900,2.4,1,1,6.97,9400150105501199927543,10,13,1,0,No,13,3,3,4.05,0,2025-10-10
Halftee,USPS Ground Advantage,Halftee,HT189708,US,84062-3870,3.3,1,1,6.97,9400150206217313742111,10,13,1,0,No,13,4,4,4.05,0,2025-10-06
Halftee,UPSÂ® Ground,Halftee,HT189832,US,84048-5530,27.5,1,5,0,1ZH594030335622856,10,13,1,0,Yes,13,32,32,8.92,0,2025-10-09
Halftee,USPS Ground Advantage,Halftee,HT189819,US,84074-2249,3.9,1,1,6.97,9400150206217319157964,10,13,1,0,No,13,4,4,4.05,0,2025-10-09
Halftee,DHL SM Parcel Expedited,Halftee,HT189835,US,60647-0226,1.2,6,1,6.97,420606479361211015300886870975,10,13,1,,Yes,13,13,2,7.27,0,2025-10-09
Halftee,DHL SM Parcel Expedited,Halftee,HT189830,US,60647-4336,3.8,6,1,6.97,420606479361211015300886826576,10,13,1,,Yes,13,13,4,7.27,0,2025-10-09
Halftee,USPS Ground Advantage,Halftee,106102,US,46845-1862,99.5,6,0,0,9434650206217096519230,18,12,5,0,No,112,112,112,23.8,0,2025-10-09
Halftee,UPSÂ® Ground,Halftee,NCY3CXS6AD,US,47421-6422,224.9,6,45,0,1ZH594030322301431,23,15,7,0,Yes,240,240,240,41.81,0,2025-10-06
Halftee,DHL SM Parcel Expedited,Halftee,HT189889,US,98237-7722,2.3,5,1,6.97,420982379361211015300887518159,10,13,1,,Yes,13,13,3,7.02,0,2025-10-10
Halftee,DHL SM Parcel Expedited,Halftee,HT189882,US,98374-8836,18.9,5,1,4.99,420983749361211015300887503155,16,14,1,,Yes,32,32,32,10.07,0,2025-10-10
Halftee,UPSÂ® Ground,Halftee,106108,US,98375-2342,19.1,5,0,0,1ZH594030308396821,10,13,1,0,Yes,13,32,32,10.07,0,2025-10-06
Halftee,DHL SM Parcel Expedited,Halftee,111-4012796-2213858,US,99301-6849,4.2,4,1,0,420993019361211015300884683010,10,13,1,,Yes,13,13,5,6.85,0,2025-10-06
Halftee,USPS Ground Advantage,Halftee,HT189848,US,99504-3377,9,8,3,1.98,9400150206217320814436,10,13,1,0,No,13,9,9,6.02,0,2025-10-10
Halftee,DHL SM Parcel Expedited,Halftee,HT189658,US,11542-3451,7.5,8,2,6.97,420115429361211015300884825359,10,13,1,,Yes,13,13,8,7.65,0,2025-10-06
Halftee,DHL SM Parcel Expedited,Halftee,114-6791743-7011401,US,29910-7832,4,7,1,0,420299109361211015300884840017,10,13,1,,Yes,13,13,4,7.45,0,2025-10-06
Halftee,USPS Ground Advantage,Halftee,HT189861,US,32618-2086,20,7,2,6.97,9434650105501060993761,10,13,1,0,No,13,32,32,12.7,0,2025-10-10
Halftee,DHL SM Parcel Expedited,Halftee,HT189694,US,34114-9581,3.4,8,1,6.97,420341149361211015300884668246,10,13,1,,Yes,13,13,4,7.65,0,2025-10-06
Halftee,DHL SM Parcel Expedited,Halftee,HT189666,US,36830-2138,8.2,7,3,1.98,420368309361211015300884564593,10,13,1,,Yes,13,13,9,7.45,0,2025-10-06
Halftee,UPSÂ® Ground,Halftee,HT189834,US,39307-7209,79.6,6,9,1.98,1ZH594030318318655,16,12,8,0,Yes,160,160,80,32.34,0,2025-10-09
Halftee,DHL SM Parcel Expedited,Halftee,111-1689289-2856253,US,40475-7527,1,7,1,0,420404759361211015300886875598,10,13,1,,Yes,13,13,1,7.45,0,2025-10-09
Halftee,DHL SM Parcel Expedited,Halftee,HT189689,US,93447-2460,18.6,5,4,6.97,420934479361211015300884603988,16,14,1,,Yes,32,32,32,10.07,0,2025-10-06
Halftee,USPS Ground Advantage,Halftee,111-6964992-5418660,US,93561-8286,3.9,4,1,0,9400150105501199926744,10,13,1,0,No,13,4,4,4.23,0,2025-10-10
Halftee,DHL SM Parcel Expedited,Halftee,HT189754,US,94402-3215,4.6,5,1,6.97,420944029361211015300884668178,10,13,1,,Yes,13,13,5,7.02,0,2025-10-06
Halftee,DHL SM Parcel Expedited,Halftee,HT189880,US,94553-2759,2.4,5,1,6.97,420945539361211015300887581634,10,13,1,,Yes,13,13,3,7.02,0,2025-10-10
Halftee,DHL SM Parcel Expedited,Halftee,HT189876,US,95697-0174,6.1,5,1,0,420956979361211015300887581696,10,13,1,,Yes,13,13,7,7.02,0,2025-10-10
Halftee,USPS Ground Advantage,Halftee,HT189850,US,96786-2856,3,8,2,6.97,9400150206217320812777,10,13,1,0,No,13,3,3,4.66,0,2025-10-10
Halftee,UPSÂ® Ground,Halftee,HT189851,US,97206-7671,26.2,5,3,6.97,1ZH594030325831498,10,13,1,0,Yes,13,32,32,10.07,0,2025-10-10
Halftee,DHL SM Parcel Expedited,Halftee,HT189837,US,97223-1060,0.6,5,4,1.98,420972239361211015300886786771,10,13,1,,Yes,13,13,1,7.02,0,2025-10-09
Halftee,DHL SM Parcel Expedited,Halftee,HT189713,US,17202-7548,3.2,7,1,6.97,420172029361211015300884564678,10,13,1,,Yes,13,13,4,7.45,0,2025-10-06
Halftee,UPSÂ® Ground,Halftee,HT189703,US,21093-5419,16.8,8,3,6.99,1ZH594030317569458,10,13,1,0,Yes,13,32,32,13.83,0,2025-10-06
Halftee,DHL SM Parcel Expedited,Halftee,HT189693,US,22844-2080,1,7,1,0,420228449361211015300884825496,10,13,1,,Yes,13,13,1,7.45,0,2025-10-06
Halftee,DHL SM Parcel Expedited,Halftee,HT189860,US,23315-3158,9.1,8,1,0,420233159361211015300887503162,10,13,1,,Yes,13,13,10,7.65,0,2025-10-10
Halftee,DHL SM Parcel Expedited,Halftee,HT189607,US,92124-2017,1.3,5,1,6.97,420921249361211015300884815947,10,13,1,,Yes,13,13,2,7.02,0,2025-10-06
Halftee,DHL SM Parcel Expedited,Halftee,HT189870,US,92154-3339,2.9,5,1,6.97,420921549361211015300887503100,10,13,1,,Yes,13,13,3,7.02,0,2025-10-10
Halftee,DHL SM Parcel Expedited,Halftee,HT189571,US,92270-4924,4.3,4,1,6.97,420922709361211015300884588889,10,13,1,,Yes,13,13,5,6.85,0,2025-10-06
Halftee,DHL Parcel International Direct - DDU,Halftee,HT188657-EXC,CA,T5W 3V3,4.1,,2,0,202510062200R95480,10,13,1,,No,13,5,5,29.53,0,2025-10-06
Halftee,DHL SM Parcel Expedited,Halftee,HT189827,US,83646-5971,12.2,4,2,6.97,420836469361211015300886791454,10,13,1,,Yes,13,13,13,6.85,0,2025-10-09
Halftee,DHL SM Parcel Expedited,Halftee,HT189715,US,64131-1149,2.6,5,1,6.97,420641319361211015300884840031,10,13,1,,Yes,13,13,3,7.02,0,2025-10-06
Halftee,DHL SM Parcel Expedited,Halftee,HT189491,US,67039-8434,0.9,5,2,4.99,420670399361211015300884564524,10,13,1,,Yes,13,13,1,7.02,0,2025-10-06
Halftee,UPSÂ® Ground,Halftee,HT189841,US,70611-6715,34.3,6,2,6.97,1ZH594030336639471,16,14,1,0,Yes,32,48,48,15.05,0,2025-10-10
Halftee,DHL SM Parcel Expedited,Halftee,HT189843,US,70791-5496,11.2,6,1,6.97,420707919361211015300887581672,10,13,1,,Yes,13,13,12,7.27,0,2025-10-10
Halftee,DHL SM Parcel Expedited,Halftee,HT189738,US,72519-0595,65.7,6,9,0,420725199361211015300884668093,12,12,6,,Yes,96,96,80,21.13,0,2025-10-06
Halftee,DHL SM Parcel Expedited,Halftee,112-8666366-3570600,US,73107-2512,3.2,5,1,0,420731079361211015300884604152,10,13,1,,Yes,13,13,4,7.02,0,2025-10-06
Halftee,DHL SM Parcel Expedited,Halftee,HT189852,US,77009-1403,20,6,5,1.98,420770099361211015300887439317,16,14,1,,Yes,32,32,32,12.12,0,2025-10-10
Halftee,DHL SM Parcel Expedited,Halftee,HT189617,US,79606-1178,5,5,2,6.97,420796069361211015300884588780,10,13,1,,Yes,13,13,5,7.02,0,2025-10-06
Halftee,DHL SM Parcel Expedited,Halftee,HT189857,US,82901-4361,4.5,3,2,6.97,420829019361211015300887705191,10,13,1,,Yes,13,13,5,6.77,0,2025-10-10
Halftee,DHL SM Parcel Expedited,Halftee,HT189601,US,83274-5063,12.4,4,3,1.98,420832749361211015300884564517,10,13,1,,Yes,13,13,13,6.85,0,2025-10-06
Halftee,USPS Ground Advantage,Halftee,HT189886,US,99801-8201,3.6,7,1,6.97,9400150206217320810995,10,13,1,0,No,13,4,4,4.48,0,2025-10-10
Halftee,DHL Parcel International Direct - DDU,Halftee,HT189862,CA,V2W 2C7,4.8,,2,25,2025101022045ZD0TZ,10,13,1,,No,13,5,5,29.53,0,2025-10-10
Halftee,DHL SM Parcel Expedited,Halftee,HT189649,US,52339-9411,8.8,5,3,6.97,420523399361211015300884603964,10,13,1,,Yes,13,13,9,7.02,0,2025-10-06
Halftee,DHL SM Parcel Expedited,Halftee,HT189720,US,56438-4901,2.6,5,1,6.97,420564389361211015300884564692,10,13,1,,Yes,13,13,3,7.02,0,2025-10-06
Halftee,DHL SM Parcel Expedited,Halftee,HT189734,US,53098,5,6,2,6.97,420530989361211015300885367551,9,11,1,,Yes,10,10,5,5.69,0,2025-10-07
Halftee,DHL SM Parcel Expedited,Halftee,111-4943668-8389014,US,60177-2302,12.1,6,2,0,420601779361211015300885994177,9,11,1,,Yes,10,13,13,7.27,0,2025-10-08
Halftee,DHL SM Parcel Expedited,Halftee,114-0383602-6263449,US,63123-4442,4.6,6,1,0,420631239361211015300886004356,9,11,1,,Yes,10,10,5,5.69,0,2025-10-08
Halftee,DHL SM Parcel Expedited,Halftee,HT189809,US,65710-9184,4.6,6,1,6.97,420657109361211015300886009207,9,11,1,,Yes,10,10,5,5.69,0,2025-10-08
Halftee,UPSÂ® Ground,Halftee,HT189727,US,67215-9111,19.9,5,3,1.98,1ZH594030325342150,9,11,1,0,Yes,10,32,32,10.07,0,2025-10-07
Halftee,DHL SM Parcel Expedited,Halftee,HT189728,US,68106-3030,13.9,5,3,1.98,420681069361211015300885303511,9,11,1,,Yes,10,14,14,7.02,0,2025-10-07
Halftee,DHL SM Parcel Expedited,Halftee,HT189741,US,74014-7306,4.6,5,2,6.97,420740149361211015300885511244,9,11,1,,Yes,10,10,5,5.51,0,2025-10-07
Halftee,DHL SM Parcel Expedited,Halftee,HT189777,US,27360-8394,9,7,2,6.97,420273609361211015300886093398,8,6,1,,Yes,5,9,9,5.84,0,2025-10-08
Halftee,DHL SM Parcel Expedited,Halftee,HT189773,US,28105-1579,3.6,7,1,6.97,420281059361211015300885994276,9,11,1,,Yes,10,10,4,5.84,0,2025-10-08
Halftee,DHL SM Parcel Expedited,Halftee,HT189697,US,29693-2935,7.4,7,3,1.98,420296939361211015300885466353,9,11,1,,Yes,10,10,8,5.84,0,2025-10-07
Halftee,UPSÂ® Ground,Halftee,HT189699,US,85295-4633,29.7,4,4,6.97,1ZH594030324422137,10,13,1,0,Yes,13,32,32,9.47,0,2025-10-07
Halftee,DHL SM Parcel Expedited,Halftee,HT189746,US,87114-4388,9.8,4,2,6.97,420871149361211015300885466377,8,6,1,,Yes,5,10,10,5.43,0,2025-10-07
Halftee,DHL SM Parcel Expedited,Halftee,HT189770,US,89445-5408,4.5,4,1,6.97,420894459361211015300886063322,9,11,1,,Yes,10,10,5,5.43,0,2025-10-08
Halftee,DHL SM Parcel Expedited,Halftee,HT189763,US,90064-2020,2.5,5,1,6.97,420900649361211015300886004431,9,11,1,,Yes,10,10,3,5.51,0,2025-10-08
Halftee,DHL SM Parcel Expedited,Halftee,HT189792,US,90232-4011,11.9,5,3,1.98,420902329361211015300886043294,9,11,1,,Yes,10,12,12,5.51,0,2025-10-08
Halftee,DHL SM Parcel Expedited,Halftee,HT189791,US,92057-8003,3.7,5,1,6.97,420920579361211015300886107477,9,11,1,,Yes,10,10,4,5.51,0,2025-10-08
Halftee,USPS Ground Advantage,Halftee,HT189813,US,92243-9797,1.6,4,1,6.97,9400150206217317375261,9,11,1,0,No,10,2,2,4.23,0,2025-10-08
Halftee,DHL SM Parcel Expedited,Halftee,HT189799,US,92223-7465,11.7,4,3,1.98,420922239361211015300886230786,9,11,1,,Yes,10,12,12,5.43,0,2025-10-08
Halftee,DHL SM Parcel Expedited,Halftee,HT189781,US,92270-4924,4.7,4,1,6.97,420922709361211015300885994191,9,11,1,,Yes,10,10,5,5.43,0,2025-10-08
Halftee,DHL SM Parcel Expedited,Halftee,HT189776,US,34761-1633,10.4,8,4,1.98,420347619361211015300885994214,9,11,1,,Yes,10,11,11,6.02,0,2025-10-08
Halftee,DHL SM Parcel Expedited,Halftee,HT189764,US,36580-4541,3.3,7,1,0,420365809361211015300885372739,9,11,1,,Yes,10,10,4,5.84,0,2025-10-07
Halftee,DHL SM Parcel Expedited,Halftee,HT189807,US,36921-2188,3.5,6,1,6.97,420369219361211015300886068556,9,11,1,,Yes,10,10,4,5.69,0,2025-10-08
Halftee,DHL SM Parcel Expedited,Halftee,HT189787,US,39153-5454,3.9,6,1,6.97,420391539361211015300886009146,9,11,1,,Yes,10,10,4,5.69,0,2025-10-08
Halftee,DHL SM Parcel Expedited,Halftee,HT189783,US,39170-8551,4,6,1,6.97,420391709361211015300886004370,9,11,1,,Yes,10,10,4,5.69,0,2025-10-08
Halftee,DHL SM Parcel Expedited,Halftee,HT189779,US,40214-5532,4.6,6,1,0,420402149361211015300886093367,9,11,1,,Yes,10,10,5,5.69,0,2025-10-08
Halftee,DHL SM Parcel Expedited,Halftee,HT189778,US,40214-5532,13.3,6,1,0,420402149361211015300885427200,8,6,1,,Yes,5,14,14,7.27,0,2025-10-07
Halftee,DHL SM Parcel Expedited,Halftee,HT189798,US,43035-8826,6.9,7,2,6.97,420430359361211015300886068563,9,11,1,,Yes,10,10,7,5.84,0,2025-10-08
Halftee,UPSÂ® Ground,Halftee,HT189730,US,43224-2646,28.2,7,3,1.98,1ZH594030333280149,10,13,1,0,Yes,13,32,32,12.7,0,2025-10-07
Halftee,DHL SM Parcel Expedited,Halftee,HT189288,US,44883-1710,3.4,7,1,0,420448839361211015300886009115,9,11,1,,Yes,10,10,4,5.84,0,2025-10-08
Halftee,DHL SM Parcel Expedited,Halftee,111-0798907-5454625,US,48855-7788,2.6,6,1,0,420488559361211015300885303535,9,11,1,,Yes,10,10,3,5.69,0,2025-10-07
Halftee,DHL SM Parcel Expedited,Halftee,HT189705,US,32223-7200,10.9,7,4,1.98,420322239361211015300885511183,8,6,1,,Yes,5,11,11,5.84,0,2025-10-07
Halftee,DHL SM Parcel Expedited,Halftee,113-8450526-4139451,US,33626-3365,2.9,8,1,0,420336269361211015300885730010,9,11,1,,Yes,10,10,3,6.02,0,2025-10-07
Halftee,DHL SM Parcel Expedited,Halftee,HT189790,US,20170-2085,6.5,7,2,6.97,420201709361211015300885999493,9,11,1,,Yes,10,10,7,5.84,0,2025-10-08
Halftee,USPS Ground Advantage,Halftee,HT189747,US,96762-1205,18.7,8,3,1.98,9434650206217095429929,9,11,1,0,No,10,32,32,13.83,0,2025-10-07
Halftee,DHL SM Parcel Expedited,Halftee,HT189701,US,97123-9041,7,5,3,6.97,420971239361211015300885720011,9,11,1,,Yes,10,10,7,5.51,0,2025-10-07
Halftee,USPS Ground Advantage,Halftee,HT189811,US,97333-2269,7.7,5,3,1.98,9400150105501196585654,9,11,1,0,No,10,8,8,4.74,0,2025-10-08
Halftee,DHL SM Parcel Expedited,Halftee,HT189774,US,97455-9648,9.2,5,2,1.98,420974559361211015300886043287,9,11,1,,Yes,10,10,10,5.51,0,2025-10-08
Halftee,UPSÂ® Ground,Halftee,HT189810,US,98201-4658,28.4,5,6,1.98,1ZH594030337318619,10,13,1,0,Yes,13,32,32,10.07,0,2025-10-08
Halftee,DHL SM Parcel Expedited,Halftee,112-4550506-5884206,US,98686-6436,4.1,5,1,0,420986869361211015300886009122,9,11,1,,Yes,10,10,5,5.51,0,2025-10-08
Halftee,DHL SM Parcel Expedited,Halftee,HT189700,US,99218-2615,6.6,5,2,6.97,420992189361211015300885452066,9,11,1,,Yes,10,10,7,5.51,0,2025-10-07
Halftee,DHL SM Parcel Expedited,Halftee,114-9317318-6493839,US,10605-3731,2.7,8,1,0,420106059361211015300885550496,9,11,1,,Yes,10,10,3,6.02,0,2025-10-07
Halftee,DHL SM Parcel Expedited,Halftee,HT189761,US,12589-4126,14.4,8,3,1.98,420125899361211015300885452059,9,11,1,,Yes,10,15,15,7.65,0,2025-10-07
Halftee,DHL SM Parcel Expedited,Halftee,HT188988-EXC,US,15102-3225,6.9,7,2,0,420151029361211015300886093428,9,11,1,,Yes,10,10,7,5.84,0,2025-10-08
Halftee,DHL SM Parcel Expedited,Halftee,HT189751,US,22408-7705,7.3,7,3,6.97,420224089361211015300885451984,9,11,1,,Yes,10,10,8,5.84,0,2025-10-07
Halftee,DHL SM Parcel Expedited,Halftee,114-7711332-2442611,US,61536-9729,9.4,6,1,0,420615369361211015300885999448,9,11,1,,Yes,10,10,10,5.69,0,2025-10-08
Halftee,DHL SM Parcel Expedited,Halftee,HT189692,US,71047-9772,4.4,6,2,6.97,420710479361211015300885303528,9,11,1,,Yes,10,10,5,5.69,0,2025-10-07
Halftee,DHL SM Parcel Expedited,Halftee,HT189812,US,71801-9043,5.8,6,1,6.97,420718019361211015300886093411,9,11,1,,Yes,10,10,6,5.69,0,2025-10-08
Halftee,DHL SM Parcel Expedited,Halftee,HT189795,US,75230-2433,12.6,5,3,1.98,420752309361211015300885999479,9,11,1,,Yes,10,13,13,7.02,0,2025-10-08
Halftee,DHL SM Parcel Expedited,Halftee,HT189767,US,79241-1044,3.3,5,1,6.97,420792419361211015300886004394,9,11,1,,Yes,10,10,4,5.51,0,2025-10-08
Halftee,USPS Ground Advantage,Halftee,HT189803,US,81505-1272,3.8,2,1,6.97,9400150105501196583728,9,11,1,0,No,10,4,4,4.11,0,2025-10-08
Halftee,DHL SM Parcel Expedited,Halftee,HT189721,US,84020-4710,12,1,4,1.98,420840209361211015300885387542,9,11,1,,Yes,10,12,12,5.22,0,2025-10-07
Halftee,UPSÂ® Ground,Halftee,HT189733,US,95827-2309,28.3,4,5,1.98,1ZH594030301139862,10,13,1,0,Yes,13,32,32,9.47,0,2025-10-07
Halftee,DHL Parcel International Direct - DDU,Halftee,701-8187785-0972200,CA,P7B 0C4,4.9,,1,20.99,202510072127Q5QBZB,8,6,1,,No,5,5,5,29.53,0,2025-10-07
Halftee,DHL SM Parcel Expedited,Halftee,HT189775,US,94547-1440,3.7,5,1,6.97,420945479361211015300886093374,9,11,1,,Yes,10,10,4,5.51,0,2025-10-08
Halftee,DHL SM Parcel Expedited,Halftee,HT189739,US,94704-1977,10.2,5,2,6.97,420947049361211015300885466339,9,11,1,,Yes,10,11,11,5.51,0,2025-10-07
Halftee,DHL SM Parcel Expedited,Halftee,HT189742,US,77035-3421,15.4,6,2,1.98,420770359361211015300885511275,14,12,1,,Yes,32,32,16,12.12,0,2025-10-07
Halftee,USPS Ground Advantage,Halftee,113-0528317-7981036,US,77386-3677,6.9,6,1,0,9400150206217315597405,8,6,1,0,No,5,7,7,4.79,0,2025-10-07
Halftee,DHL SM Parcel Expedited,Halftee,HT189112-EXC,US,78108-3787,5.7,6,1,0,420781089361211015300885387559,9,11,1,,Yes,10,10,6,5.69,0,2025-10-07
Halftee,UPSÂ® Ground,Halftee,HT189782,US,78213-3023,19.1,6,4,1.98,1ZH594030317060452,9,11,1,0,Yes,10,32,32,12.11,0,2025-10-08
Halftee,DHL SM Parcel Expedited,Halftee,HT189805,US,81006-9302,5.4,4,1,0,420810069361211015300886063407,9,11,1,,Yes,10,10,6,5.43,0,2025-10-08
Halftee,USPS Ground Advantage,Halftee,HT189784,US,83263-1149,2.5,4,1,6.97,9400150206217317374356,9,11,1,0,No,10,3,3,4.23,0,2025-10-08
Halftee,USPS Ground Advantage,Halftee,HT189797,US,83687-9048,3.3,4,1,6.97,9400150206217317377333,9,11,1,0,No,10,4,4,4.23,0,2025-10-08
Halftee,UPSÂ® Ground,Halftee,HT189808,US,84084-1962,18.3,1,4,1.98,1ZH594030324768621,9,11,1,0,Yes,10,32,32,8.92,0,2025-10-08
Halftee,USPS Ground Advantage,Halftee,HT189804,US,84005-5686,4.6,1,1,6.97,9400150105501196585357,9,11,1,0,No,10,5,5,4.5,0,2025-10-08
Halftee,DHL SM Parcel Expedited,Halftee,HT189722,US,84066-1743,8.9,1,4,6.97,420840669361211015300885575413,9,11,1,,Yes,10,10,9,5.22,0,2025-10-07
Halftee,USPS Ground Advantage,Halftee,112-5449893-8376235,US,84094-6936,4.6,1,1,0,9400150206217315598402,8,6,1,0,No,5,5,5,4.5,0,2025-10-07
Halftee,DHL SM Parcel Expedited,Halftee,HT189762,US,84025-4741,12.2,1,3,1.98,420840259361211015300885452042,9,11,1,,Yes,10,13,13,6.6,0,2025-10-07
Halftee,USPS Ground Advantage,Halftee,HT189802,US,84321-4406,3.9,2,1,6.97,9400150105501196580482,9,11,1,0,No,10,4,4,4.11,0,2025-10-08
Halftee,DHL SM Parcel Expedited,Halftee,HT189743,US,84341-1865,10.1,2,2,6.97,420843419361211015300885725016,9,11,1,,Yes,10,11,11,5.29,0,2025-10-07
Halftee,USPS Ground Advantage,Halftee,HT189816,US,84405-6924,3.9,2,1,6.97,9400150105501196583919,9,11,1,0,No,10,4,4,4.11,0,2025-10-08
Halftee,DHL SM Parcel Expedited,Halftee,HT189711,US,84521,6.9,3,2,6.97,420845219361211015300885372715,9,11,1,,Yes,10,10,7,5.35,0,2025-10-07
Halftee,USPS Ground Advantage,Halftee,HT189206-EXC,US,84660-5551,3.8,2,1,0,9400150206217317373106,9,11,1,0,No,10,4,4,4.11,0,2025-10-08
Halftee,USPS Ground Advantage,Halftee,HT189760,US,84601-1162,6.5,2,1,0,9400150206217315596224,9,11,1,0,No,10,7,7,4.58,0,2025-10-07
Halftee,DHL SM Parcel Expedited,Halftee,HT189814,US,85083-6337,14.6,4,2,6.97,420850839361211015300886004448,9,11,1,,Yes,10,15,15,6.85,0,2025-10-08
Halftee,DHL SM Parcel Expedited,Halftee,HT189768,US,85051-3320,14.9,4,3,1.98,420850519361211015300886107453,9,11,1,,Yes,10,15,15,6.85,0,2025-10-08
Halftee,DHL SM Parcel Expedited,Halftee,HT189765,US,85139-5547,19.3,4,3,1.98,420851399361211015300886063360,9,11,1,,Yes,10,32,32,9.48,0,2025-10-08
Halftee,DHL SM Parcel Expedited,Halftee,HT189780,US,34689-2305,7.5,7,1,0,420346899361211015300885466445,8,6,1,,Yes,5,8,8,4.87,0,2025-10-07
Halftee,USPS Ground Advantage,Halftee,HT189718,US,35504-8454,7.8,6,2,6.97,9400150105501194857937,9,11,1,0,No,10,8,8,4.79,0,2025-10-07
Halftee,DHL SM Parcel Expedited,Halftee,HT189772,US,36310-2912,17.2,7,2,1.98,420363109361211015300885999462,14,12,1,,Yes,32,32,32,12.7,0,2025-10-08
Halftee,DHL SM Parcel Expedited,Halftee,HT189785,US,45365-8064,12.9,6,2,0,420453659361211015300886004479,16,14,1,,Yes,32,32,13,12.12,0,2025-10-08
Halftee,DHL SM Parcel Expedited,Halftee,HT189757,US,74872-6802,5,5,2,6.97,420748729361211015300885427187,9,11,1,,Yes,10,10,5,5.51,0,2025-10-07
Halftee,DHL SM Parcel Expedited,Halftee,HT189796,US,75033-5900,9.7,5,3,0,420750339361211015300886009214,9,11,1,,Yes,10,10,10,5.51,0,2025-10-08